{
    "56beb4343aeaaa14008c925b": "308",
    "56beb4343aeaaa14008c925c": "136",
    "56beb4343aeaaa14008c925d": "118",
    "56beb4343aeaaa14008c925e": "quatre",
    "56beb4343aeaaa14008c925f": "Kawann Short",
    "56d6f3500d65d21400198290": "24",
    "56d6f3500d65d21400198291": "Kawann Short",
    "56d6f3500d65d21400198292": "Thomas Davis i Luke Kuechly",
    "56d6f3500d65d21400198293": "quatre",
    "56d6f3500d65d21400198294": "Josh Norman",
    "56d9992fdc89441400fdb59c": "24",
    "56d9992fdc89441400fdb59e": "Kony Ealy",
    "56d9992fdc89441400fdb59f": "Jared Allen",
    "56d9992fdc89441400fdb5a0": "quatre",
    "56beb7953aeaaa14008c92ab": "Pittsburgh Steelers",
    "56beb7953aeaaa14008c92ac": "11",
    "56beb7953aeaaa14008c92ad": "New England Patriots",
    "56beb7953aeaaa14008c92ae": "20\u201318",
    "56beb7953aeaaa14008c92af": "17 segons",
    "56bf36b93aeaaa14008c9561": "New England Patriots",
    "56bf36b93aeaaa14008c9562": "23\u201316",
    "56bf36b93aeaaa14008c9563": "New England Patriots",
    "56bf36b93aeaaa14008c9564": "17",
    "56bf36b93aeaaa14008c9565": "Manning",
    "56d7018a0d65d214001982c2": "Pittsburgh Steelers",
    "56d7018a0d65d214001982c3": "11",
    "56d7018a0d65d214001982c5": "New England Patriots",
    "56d99f99dc89441400fdb628": "Pittsburgh Steelers",
    "56d99f99dc89441400fdb629": "New England Patriots",
    "56d99f99dc89441400fdb62c": "17",
    "56beb86b3aeaaa14008c92bd": "39 anys",
    "56beb86b3aeaaa14008c92be": "John Elway",
    "56beb86b3aeaaa14008c92bf": "38 anys",
    "56beb86b3aeaaa14008c92c0": "vicepresident executiu d\u2019operacions de futbol i el director general del Denver",
    "56beb86b3aeaaa14008c92c1": "va portar els Broncos",
    "56bf3fd53aeaaa14008c9591": "els Broncos",
    "56bf3fd53aeaaa14008c9592": "Denver",
    "56bf3fd53aeaaa14008c9593": "38 anys",
    "56bf3fd53aeaaa14008c9594": "John Elway",
    "56bf3fd53aeaaa14008c9595": "39 anys",
    "56d704430d65d214001982de": "dos",
    "56d704430d65d214001982e0": "Peyton Manning",
    "56d704430d65d214001982e1": "Peyton",
    "56d704430d65d214001982e2": "XXXIII",
    "56d9a0eadc89441400fdb63e": "Peyton Manning",
    "56d9a0eadc89441400fdb63f": "39 anys",
    "56d9a0eadc89441400fdb640": "John Elway",
    "56bec6ac3aeaaa14008c93fd": "sis",
    "56bec6ac3aeaaa14008c93fe": "l\u2019himne nacional",
    "56bec6ac3aeaaa14008c93ff": "Oscar",
    "56bec6ac3aeaaa14008c9400": "llengua de signes americana",
    "56bec6ac3aeaaa14008c9401": "llengua de signes americana",
    "56d20650e7d4791d00902614": "Lady Gaga",
    "56d20650e7d4791d00902615": "Marlee Matlin",
    "56d7253b0d65d214001983d4": "Lady Gaga",
    "56d7253b0d65d214001983d5": "Lady Gaga",
    "56d9c455dc89441400fdb7c4": "Lady Gaga",
    "56d9c455dc89441400fdb7c5": "sis",
    "56d9c455dc89441400fdb7c6": "Lady Gaga",
    "56beca913aeaaa14008c946d": "24 iardes",
    "56beca913aeaaa14008c946e": "Miller",
    "56beca913aeaaa14008c946f": "Josh Norman",
    "56beca913aeaaa14008c9470": "Miller",
    "56beca913aeaaa14008c9471": "Bennie Fowler",
    "56d726b60d65d214001983ea": "Miller",
    "56d726b60d65d214001983eb": "Ward",
    "56d726b60d65d214001983ec": "Newton",
    "56d726b60d65d214001983ed": "Josh Norman",
    "56d726b60d65d214001983ee": "a falta de 3:08",
    "56d9cb47dc89441400fdb832": "4:51",
    "56d9cb47dc89441400fdb833": "Miller",
    "56d9cb47dc89441400fdb834": "Miller",
    "56d9cb47dc89441400fdb835": "tres",
    "56d9cb47dc89441400fdb836": "Anderson",
    "57339c16d058e614000b5ec5": "Ogr\u00f3d Saski",
    "57339c16d058e614000b5ec6": "Molt a prop, a Ogr\u00f3d Saski",
    "57339c16d058e614000b5ec7": "del 1870 al 1939",
    "57339c16d058e614000b5ec8": "Momus",
    "57339c16d058e614000b5ec9": "El Teatre Wojciech Bogus\u0142awski",
    "5733a32bd058e614000b5f32": "Els seus rivals locals, els Polonia Warszawa",
    "5733a32bd058e614000b5f33": "1946",
    "5733a32bd058e614000b5f34": "dues",
    "5733a32bd058e614000b5f35": "al carrer Konwiktorska",
    "5733a32bd058e614000b5f36": "a causa de la seva desastrosa situaci\u00f3 financera",
    "57338007d058e614000b5bda": "multicultural",
    "57338007d058e614000b5bdb": "711.988 habitants",
    "57338007d058e614000b5bdc": "56,2 %",
    "57338007d058e614000b5bdd": "2,8 %",
    "57338007d058e614000b5bde": "despr\u00e9s de la insurrecci\u00f3 de Vars\u00f2via del 1944",
    "573380e0d058e614000b5be9": "una comuna",
    "573380e0d058e614000b5bea": "comtats o powiats",
    "573380e0d058e614000b5beb": "Crac\u00f2via",
    "5733834ed058e614000b5c26": "1817",
    "5733834ed058e614000b5c27": "final del control comunista del pa\u00eds",
    "5733834ed058e614000b5c28": "l\u2019abril del 1991",
    "5733834ed058e614000b5c29": "374",
    "5733834ed058e614000b5c2a": "a l\u2019edifici que s\u2019utilitzava anteriorment com a seu del Partit Obrer Unificat Polon\u00e8s",
    "56dde1d966d3e219004dad8d": "Rol\u00b7l\u00f3",
    "56de0daecffd8e1900b4b595": "Drog\u00f3",
    "56de0daecffd8e1900b4b596": "Guillem Bra\u00e7 de Ferro",
    "56de0f6a4396321400ee257f": "els petxenegs, els b\u00falgars i, sobretot, els turcs selj\u00facides",
    "56de10b44396321400ee2593": "Afranji",
    "56de10b44396321400ee2594": "Urselius",
    "56de10b44396321400ee2595": "a les forces turques",
    "56de49564396321400ee277a": "atl\u00e0ntica d'\u00c0frica",
    "56dfa0d84a1a83140091ebb7": "1943",
    "56dfa0d84a1a83140091ebb8": "la unitat del SI de densitat de flux magn\u00e8tic",
    "56dfa0d84a1a83140091ebb9": "en una s\u00e8rie d'hotels de Nova York",
    "56dfa0d84a1a83140091ebba": "\"cient\u00edfic boig\" arquet\u00edpic",
    "56e0bb9f7aa994140058e6cb": "els seus propis projectes amb diferents graus d\u2019\u00e8xit",
    "56e0bb9f7aa994140058e6cc": "1943",
    "56e0bb9f7aa994140058e6cd": "la unitat del SI de densitat de flux magn\u00e8tic tesla",
    "56e0bb9f7aa994140058e6ce": "des de la d\u00e8cada de 1990",
    "56e0bb9f7aa994140058e6cf": "pels seus \u00e8xits i exhibicions",
    "56dfb5777aa994140058e021": "Robert Lane i Benjamin Vail",
    "56dfb5777aa994140058e022": "una empresa d'il\u00b7luminaci\u00f3 el\u00e8ctrica",
    "56dfb5777aa994140058e023": "va instal\u00b7lar sistemes d\u2019il\u00b7luminaci\u00f3 basats en llum d\u2019arc el\u00e8ctric",
    "56dfb5777aa994140058e024": "patents",
    "56dfb5777aa994140058e025": "dissenys per a commutadors de m\u00e0quines el\u00e8ctriques de dinamo",
    "56e0d6cf231d4119001ac420": "Robert Lane i Benjamin Vail",
    "56e0d6cf231d4119001ac421": "1886",
    "56e0d6cf231d4119001ac422": "Tesla Electric Light & Manufacturing",
    "56e0d6cf231d4119001ac423": "va instal\u00b7lar sistemes d\u2019il\u00b7luminaci\u00f3 basats en llum d\u2019arc el\u00e8ctric",
    "56e0d6cf231d4119001ac424": "Tesla",
    "56e0fc3f7aa994140058e877": "1900",
    "56e0fc3f7aa994140058e878": "Guglielmo Marconi",
    "56e0fc3f7aa994140058e879": "1903",
    "56e0fc3f7aa994140058e87a": "1943",
    "56e0fc3f7aa994140058e87b": "Tribunal Suprem dels Estats Units",
    "56e10aa5cd28a01900c674b3": "38",
    "56e10aa5cd28a01900c674b4": "Edison",
    "56e10aa5cd28a01900c674b5": "1937",
    "56e1254ae3433e1400422c66": "\u201cUna m\u00e0quina per acabar amb la guerra\u201d,",
    "56e1254ae3433e1400422c67": "incerts",
    "56e1254ae3433e1400422c68": "amb la guerra",
    "56e16182e3433e1400422e28": "La teoria de la complexitat computacional",
    "56e16182e3433e1400422e29": "segons la seva dificultat inherent",
    "56e16182e3433e1400422e2a": "problema computacional",
    "56e181d9e3433e1400422fa0": "una inst\u00e0ncia del problema",
    "56e181d9e3433e1400422fa1": "binari",
    "56e181d9e3433e1400422fa2": "sobre un alfabet",
    "56e181d9e3433e1400422fa3": "en notaci\u00f3 bin\u00e0ria",
    "56e181d9e3433e1400422fa4": "mitjan\u00e7ant les seves matrius d\u2019adjac\u00e8ncia",
    "56e1a0dccd28a01900c67a2e": "com a problemes de decisi\u00f3",
    "56e1a0dccd28a01900c67a2f": "el conjunt de triples",
    "56e1b62ecd28a01900c67aa3": "el nombre total de transicions d'estat, o passos, que la m\u00e0quina fa abans d\u2019aturar-se i emetre la resposta",
    "56e1b62ecd28a01900c67aa4": "dificultat",
    "56e1b62ecd28a01900c67aa5": "un model computacional",
    "56e1b62ecd28a01900c67aa6": "un model computacional com la m\u00e0quina determinista de Turing",
    "56e1ee4de3433e1400423210": "que s\u00f3n desiguals",
    "56e1ee4de3433e1400423211": "Moltes classes de complexitat conegudes se sospita que s\u00f3n desiguals",
    "56e1ee4de3433e1400423212": "redu\u00efdes a una sola classe",
    "56e1ee4de3433e1400423214": "Demostrar que qualsevol d\u2019aquestes classes \u00e9s desigual",
    "56e7586d37bdd419002c3eb3": "era una de les formes m\u00e9s comunes de disciplina escolar",
    "56e7586d37bdd419002c3eb4": "a la majoria de pa\u00efsos occidentals, i en alguns altres, per\u00f2 segueix sent l\u00edcit als Estats Units",
    "56e7586d37bdd419002c3eb5": "Estats Units",
    "56e7586d37bdd419002c3eb6": "Tribunal Suprem",
    "56e7586d37bdd419002c3eb7": "dolor f\u00edsic",
    "56e7788200c9c71400d77180": "sindicats com ATl, NUT o NASUWT",
    "56e7788200c9c71400d77181": "disminueix",
    "56e7788200c9c71400d77182": "entre el 2005 i el 2010",
    "56e7788200c9c71400d77183": "sindicats",
    "56e7788200c9c71400d77184": "Una preocupaci\u00f3 creixent",
    "56e7796637bdd419002c3ffd": "cada estat",
    "56e7796637bdd419002c3ffe": "tres anys",
    "56e7796637bdd419002c3fff": "un t\u00edtol de grau universitari",
    "56e7796637bdd419002c4000": "Moltes escoles concertades",
    "56e7796637bdd419002c4001": "que el seu personal docent tingui titulaci\u00f3",
    "56e77cee00c9c71400d771a8": "guru",
    "56e77cee00c9c71400d771a9": "extremadament elevat",
    "56e77cee00c9c71400d771aa": "la vida dels seus deixebles",
    "56e77cee00c9c71400d771ab": "Occident",
    "56e77da237bdd419002c403b": "lama",
    "56e77da237bdd419002c403c": "ren\u00e9ixer",
    "56e77da237bdd419002c403d": "tulku",
    "56e77da237bdd419002c403e": "moltes vegades",
    "56e77da237bdd419002c403f": "el seu vot de Bodhisattva",
    "56f8094aa6d7ea1400e17391": "1519",
    "56f8094aa6d7ea1400e17392": "Els estudiants",
    "56f8094aa6d7ea1400e17393": "Aquesta part primerenca",
    "56f8094aa6d7ea1400e17394": "1520",
    "56f8094aa6d7ea1400e17395": "De la llibertat d\u2019un cristi\u00e0",
    "56f84485aef2371900625f71": "A l\u2019estiu de 1521",
    "56f84485aef2371900625f72": "idolatria",
    "56f84485aef2371900625f73": "un regal que ha de ser rebut amb agra\u00efment per tota la congregaci\u00f3",
    "56f84485aef2371900625f74": "El seu assaig Sobre la confessi\u00f3",
    "56f84485aef2371900625f75": "que podien trencar els seus vots sense pecat",
    "56f86e91aef2371900626067": "de publicacions escrites en alemany",
    "56f86e91aef2371900626068": "B\u00edblia",
    "56f86e91aef2371900626069": "a l\u2019evoluci\u00f3 de la llengua i la literatura alemanyes",
    "56f86e91aef237190062606a": "Lucas Cranach",
    "56f86e91aef237190062606b": "William Tyndale",
    "56f8720eaef237190062608f": "l\u2019execuci\u00f3 de Johann Esch i Heinrich Voes",
    "56f8720eaef2371900626090": "per tenir actituds luteranes",
    "56f8720eaef2371900626091": "Ein neues Lied wir heben an\u201d",
    "56f8720eaef2371900626092": "John C. Messenger",
    "56f8720eaef2371900626093": "John C. Messenger",
    "56f8ca289b226e1400dd1007": "un tros de paper",
    "56f8ca289b226e1400dd1008": "llat\u00ed",
    "56f8ca289b226e1400dd1009": "\u201cSom captaires\u201d,",
    "5705f7c875f01819005e77dc": "la megal\u00f2polis dels Grans Llacs i la megal\u00f2polis del Nord-est",
    "5705f7c875f01819005e77dd": "zones extenses",
    "5705f7c875f01819005e77de": "suburbanes",
    "5705f7c875f01819005e77df": "grans comunitats suburbanes repartides",
    "5705f7c875f01819005e77e0": "una regi\u00f3 metropolitana internacional",
    "5706074552bb8914006897d4": "Greater Los Angeles",
    "5706074552bb8914006897d5": "dues",
    "5706074552bb8914006897d6": "cinc milions",
    "5706074552bb8914006897d7": "la regi\u00f3 fronterera sud",
    "5706074552bb8914006897d8": "17.786.419",
    "570610b275f01819005e792a": "Los Angeles",
    "570610b275f01819005e792b": "Al sud de Calif\u00f2rnia es troba l\u2019aeroport internacional de Los Angeles",
    "570610b275f01819005e792c": "el segon aeroport m\u00e9s transitat dels Estats Units per volum de passatgers (vegeu els aeroports m\u00e9s transitats del m\u00f3n per tr\u00e0nsit de passatgers) i el tercer",
    "570610b275f01819005e792d": "San Diego",
    "570610b275f01819005e792e": "l\u2019aeroport de Van Nuys",
    "5706143575f01819005e7950": "San Diego Chargers",
    "5706143575f01819005e7951": "Los Angeles Lakers",
    "5706143575f01819005e7952": "San Diego Padres",
    "5706143575f01819005e7953": "Los Angeles Kings",
    "5706143575f01819005e7954": "LA Galaxy",
    "5706149552bb891400689880": "Chivas",
    "5706149552bb891400689881": "dos",
    "5706149552bb891400689882": "2014",
    "5706149552bb891400689883": "StubHub Center",
    "5706149552bb891400689884": "l\u2019any 2018",
    "570966e0200fba1400367f4f": "amb DVB",
    "570966e0200fba1400367f50": "Dolby Digital",
    "570966e0200fba1400367f51": "MPEG-4",
    "570966e0200fba1400367f52": "OpenTV",
    "570966e0200fba1400367f53": "DVB-S2",
    "570967c4ed30961900e840ba": "1998",
    "570967c4ed30961900e840bb": "Astra 2A",
    "570967c4ed30961900e840bc": "Sky",
    "570967c4ed30961900e840bd": "centenars",
    "570967c4ed30961900e840be": "a 28,5\u00b0 E",
    "57096b66200fba1400367fa7": "8 de febrer del 2007",
    "57096b66200fba1400367fa8": "el mar\u00e7",
    "57096b66200fba1400367fa9": "digital terrestre",
    "57096b66200fba1400367faa": "Virgin Media",
    "57096b66200fba1400367fab": "els esports",
    "57097c8fed30961900e841f2": "en una \u201ctargeta en efectiu assistencial\",",
    "57097c8fed30961900e841f3": "\"essencials\".",
    "57097c8fed30961900e841f4": "una demanda",
    "57097c8fed30961900e841f5": "les \"factures de Sky TV dels denunciants",
    "57097c8fed30961900e841f6": "que vivia sola",
    "57097d63ed30961900e841fc": "30 milions de lliures esterlines",
    "57097d63ed30961900e841fd": "no hi ha indicis sobre si el nou acord inclou el contingut addicional de v\u00eddeo a la carta i alta definici\u00f3 que anteriorment havia ofert BSkyB",
    "57097d63ed30961900e841fe": "Virgin Media",
    "57097d63ed30961900e841ff": "tant BSkyB com Virgin Media",
    "57097d63ed30961900e84200": "contra l\u2019altra part",
    "570d28bdb3d812140066d4a3": "el laborista",
    "570d28bdb3d812140066d4a4": "el laborista",
    "570d28bdb3d812140066d4a5": "Els nacionals",
    "570d28bdb3d812140066d4a6": "Els Verds",
    "570d28bdb3d812140066d4a7": "el laborista",
    "570d2f5bfed7b91900d45ccf": "1975",
    "570d2f5bfed7b91900d45cd0": "en la constituci\u00f3 colonial del 1855",
    "570d2f5bfed7b91900d45cd1": "Parlament de Vict\u00f2ria",
    "570d2f5bfed7b91900d45cd2": "determinades disposicions \"arrelades\"",
    "570d2f5bfed7b91900d45cd3": "La Constituci\u00f3 victoriana",
    "570d3468b3d812140066d543": "de les principals marques d'autom\u00f2bils Ford, Toyota i Holden",
    "570d3468b3d812140066d544": "el febrer del 2014",
    "570d3468b3d812140066d545": "el maig del 2013",
    "570d3468b3d812140066d546": "l\u2019octubre del 2016",
    "570d3468b3d812140066d547": "Ford, Toyota i Holden",
    "570d47b8b3d812140066d62d": "1.600 mm",
    "570d47b8b3d812140066d62e": "1.435 mm",
    "570d47b8b3d812140066d62f": "m\u00e9s de 760 mm (2 peus 6 polzades) de calibre estret",
    "570d47b8b3d812140066d630": "en zones muntanyenques",
    "570d47b8b3d812140066d631": "cinc",
    "570d4a6bfed7b91900d45e13": "1788",
    "570d4a6bfed7b91900d45e14": "Nova Holanda",
    "570d4a6bfed7b91900d45e15": "Nova Holanda",
    "570d4a6bfed7b91900d45e16": "Sydney",
    "57107d73b654c5140001f91d": "l'Edicte de Fontainebleau",
    "57107d73b654c5140001f91e": "1685",
    "57107d73b654c5140001f91f": "Llu\u00eds XIV",
    "57107d73b654c5140001f920": "500.000",
    "5710eca0a58dae1900cd6b3a": "Virg\u00ednia",
    "5710eca0a58dae1900cd6b3b": "Virg\u00ednia",
    "5710eca0a58dae1900cd6b3c": "Monacan",
    "5710eca0a58dae1900cd6b3d": "390",
    "5710eca0a58dae1900cd6b3e": "El 12 de maig del 1705",
    "57111380a58dae1900cd6bd6": "Jacques Lef\u00e8vre",
    "57111380a58dae1900cd6bd7": "Universitat de Par\u00eds",
    "57111380a58dae1900cd6bd8": "Oliv\u00e9tan",
    "57111380a58dae1900cd6bd9": "Guillaume Farel",
    "57111380a58dae1900cd6bda": "Guillaume Farel",
    "57111713a58dae1900cd6c00": "es van adaptar r\u00e0pidament",
    "57111713a58dae1900cd6c01": "es van adaptar r\u00e0pidament i sovint es casaven fora de les seves comunitats franceses immediates",
    "57111713a58dae1900cd6c02": "E. I. du Pont",
    "57111713a58dae1900cd6c03": "fins ben entrat el segle XIX",
    "57111713a58dae1900cd6c04": "Eleutherian gunpowder mills",
    "57111b95a58dae1900cd6c50": "Frederic Guillem",
    "57111b95a58dae1900cd6c51": "Theodor Fontane",
    "57111b95a58dae1900cd6c52": "Adolf Galland",
    "57111b95a58dae1900cd6c53": "Lothar de Maizi\u00e8re",
    "57111b95a58dae1900cd6c54": "ministre federal de l\u2019Interior",
    "571144d1a58dae1900cd6d6e": "un reactor nuclear, energia geot\u00e8rmica, energia solar o calor residual d\u2019un motor de combusti\u00f3 interna o d\u2019un proc\u00e9s industrial",
    "571144d1a58dae1900cd6d6f": "cambra de combusti\u00f3",
    "571144d1a58dae1900cd6d70": "energia solar o calor residual d\u2019un motor de combusti\u00f3 interna o d\u2019un proc\u00e9s industrial",
    "571144d1a58dae1900cd6d71": "el\u00e8ctric",
    "57114667a58dae1900cd6d80": "l\u2019indicador de m\u00e0quines de vapor",
    "57114667a58dae1900cd6d81": "1851",
    "57114667a58dae1900cd6d82": "Charles Richard",
    "57114667a58dae1900cd6d83": "Charles Richard",
    "57114667a58dae1900cd6d84": "a l'Exposici\u00f3 de Londres",
    "57114e8d50c2381900b54a5b": "pel fluid de treball",
    "57114e8d50c2381900b54a5c": "565 \u00b0C",
    "57114e8d50c2381900b54a5d": "l\u2019acer inoxidable",
    "57114e8d50c2381900b54a5f": "d\u2019aproximadament un 63 %,",
    "57114e8d50c2381900b54a5e": "d\u2019uns 30 \u00b0C",
    "57115bf350c2381900b54a93": "Energiprojekt AB",
    "57115bf350c2381900b54a94": "Su\u00e8cia",
    "57115bf350c2381900b54a95": "5",
    "57115bf350c2381900b54a96": "4 kg",
    "57115bf350c2381900b54a97": "27-30 %",
    "57115ff82419e314009555c3": "discos giratoris",
    "57115ff82419e314009555c4": "en un eix de transmissi\u00f3",
    "57115ff82419e314009555c5": "discos est\u00e0tics",
    "57115ff82419e314009555c6": "a la carcassa de la turbina",
    "57115ff82419e314009555c7": "3.600 revolucions per minut",
    "571c8539dd7acb1400e4c0e2": "l'any 1773 o abans",
    "571c8539dd7acb1400e4c0e3": "1774",
    "571c8539dd7acb1400e4c0e4": "el seu treball es va publicar en primer lloc",
    "571c8539dd7acb1400e4c0e5": "Antoine Lavoisier",
    "571c8539dd7acb1400e4c0e6": "la teoria del flogist sobre la combusti\u00f3 i la corrosi\u00f3",
    "571c9348dd7acb1400e4c114": "James Dewar",
    "571c9348dd7acb1400e4c115": "1891",
    "571c9348dd7acb1400e4c116": "1895",
    "571c9348dd7acb1400e4c118": "oxiacetil\u00e8nica",
    "571cb27fdd7acb1400e4c132": "Els paleoclimat\u00f2legs",
    "571cb27fdd7acb1400e4c133": "com era el clima fa milions d\u2019anys",
    "571cb27fdd7acb1400e4c134": "el 12 %",
    "571cb27fdd7acb1400e4c135": "m\u00e9s oxigen-18",
    "571cb27fdd7acb1400e4c136": "c\u00e0lid",
    "571cbe35dd7acb1400e4c13c": "687 i 760 nm",
    "571cbe35dd7acb1400e4c13d": "del cicle del carboni",
    "571cbe35dd7acb1400e4c13e": "des d\u2019una plataforma sat\u00e8l\u00b7lit",
    "571cbe35dd7acb1400e4c13f": "a escala mundial",
    "571cbe35dd7acb1400e4c140": "teledetecci\u00f3",
    "571cd3b55efbb31900334e03": "cambres d\u2019oxigen especials",
    "571cd3b55efbb31900334e04": "el mon\u00f2xid de carboni del grup hemo de l\u2019hemoglobina",
    "571cd3b55efbb31900334e05": "bacteris anaer\u00f2bics",
    "571cd3b55efbb31900334e06": "pateixen la s\u00edndrome de descompressi\u00f3",
    "5725bad5271a42140099d0bd": "6 d\u2019octubre del 1973",
    "5725bad5271a42140099d0be": "l\u2019Iran",
    "5725bad5271a42140099d0bf": "deu",
    "5725bad5271a42140099d0c0": "l\u2019Iran",
    "5725bad5271a42140099d0c1": "I tant que [el preu del petroli] pujar\u00e0",
    "5726241189a1e219009ac2de": "El bloqueig",
    "5726241189a1e219009ac2df": "l\u2019augment del preu va canviar les posicions competitives de molts sectors, com el dels autom\u00f2bils",
    "5726241189a1e219009ac2e0": "macroecon\u00f2mics",
    "5726241189a1e219009ac2e1": "l\u2019\u00c0rtic",
    "5726241189a1e219009ac2e2": "de cinc a deu anys",
    "57264d9edd62a815002e80fe": "William E. Simon",
    "57264d9edd62a815002e80ff": "1973",
    "57264d9edd62a815002e8100": "per coordinar la resposta al bloqueig",
    "57264d9edd62a815002e8101": "20 %",
    "572650325951b619008f6fa9": "La crisi energ\u00e8tica",
    "572650325951b619008f6faa": "les realitats del mercat i de la tecnologia",
    "572650325951b619008f6fab": "els congressistes i els presidents",
    "572659535951b619008f703f": "Una d\u00e8cada despr\u00e9s de la crisi petroliera del 1973",
    "572659535951b619008f7040": "el Toyota Corona Mark II",
    "572659535951b619008f7041": "m\u00e9s espai per als passatgers i funcionalitats com aire condicionat, direcci\u00f3 assistida, r\u00e0dio AM-FM i, fins i tot, al\u00e7avidres el\u00e8ctrics",
    "572659535951b619008f7042": "Acura, Lexus i Infiniti",
    "5725c604271a42140099d185": "Nicholas E. Golovin",
    "5725c604271a42140099d186": "juliol del 1961",
    "5725c604271a42140099d187": "els membres del Centre de Naus Espacials Tripulades",
    "5725c604271a42140099d188": "Joseph Shea",
    "5725c604271a42140099d189": "La creaci\u00f3 per part de Seamans d\u2019un comit\u00e8 ad hoc encap\u00e7alat pel seu assistent t\u00e8cnic especial Nicholas E. Golovin",
    "5725d79e89a1e219009abf90": "una tripulaci\u00f3",
    "5725d79e89a1e219009abf91": "el primer m\u00f2dul de comandament Block II i el m\u00f2dul lunar",
    "5725d79e89a1e219009abf92": "aconseguir m\u00e9s visibilitat",
    "5725d79e89a1e219009abf93": "refrigerada per aigua",
    "5725d79e89a1e219009abf94": "comandant (CDR), pilot del m\u00f2dul de comandament (CMP) i pilot del m\u00f2dul lunar",
    "5725db4aec44d21400f3d6bd": "a la cambra d\u2019altitud",
    "5725db4aec44d21400f3d6be": "Grissom, White i Chaffee",
    "5725db4aec44d21400f3d6bf": "un compte enrere del llan\u00e7ament",
    "5725db4aec44d21400f3d6c0": "a la cambra d\u2019altitud",
    "5725dc1638643c19005ace01": "una olor estranya als vestits espacials",
    "5725dc1638643c19005ace02": "el mat\u00ed del 27 de gener del 1967",
    "5725dc1638643c19005ace03": "el segellat de l\u2019escotilla",
    "5725dc1638643c19005ace04": "es van asfixiar",
    "5725dc1638643c19005ace05": "amb el 100 % d\u2019oxigen a alta pressi\u00f3",
    "5725f39638643c19005acef7": "Nafzger",
    "5725f39638643c19005acef8": "Es va processar el v\u00eddeo",
    "5725f39638643c19005acef9": "de cinescopis",
    "5725f39638643c19005acefa": "Lowry Digital",
    "5725f39638643c19005acefb": "Es va processar el v\u00eddeo",
    "5725cc38ec44d21400f3d5bb": "amb normes comunes per al carb\u00f3 i l\u2019acer, i posteriorment per a l\u2019energia at\u00f2mica",
    "5725cc38ec44d21400f3d5bc": "el Tractat de Roma del 1957 i el Tractat de Maastricht del 1992",
    "5725cc38ec44d21400f3d5bd": "1985",
    "5725cc38ec44d21400f3d5be": "Regne Unit, Irlanda, Dinamarca i Noruega",
    "5725cc38ec44d21400f3d5bf": "Groenl\u00e0ndia",
    "57268e2bf1498d1400e8e3b0": "es van crear institucions m\u00e9s completes i formals",
    "57268e2bf1498d1400e8e3b1": "1992",
    "57268e2bf1498d1400e8e3b2": "1986",
    "57268e2bf1498d1400e8e3b3": "1972",
    "57268e2bf1498d1400e8e3b4": "1985",
    "572651f9f1498d1400e8dbee": "el Parlament Europeu i el Consell de la Uni\u00f3 Europea",
    "572651f9f1498d1400e8dbef": "iniciar una legislaci\u00f3 en contra dels desitjos de la Comissi\u00f3",
    "572651f9f1498d1400e8dbf0": "cada cinc anys",
    "572651f9f1498d1400e8dbf1": "dos ter\u00e7os",
    "572651f9f1498d1400e8dbf2": "el Parlament Europeu i el Consell de la Uni\u00f3 Europea",
    "5726938af1498d1400e8e446": "la Comissi\u00f3",
    "5726938af1498d1400e8e447": "el Parlament Europeu i el Consell de la Uni\u00f3 Europea",
    "5726938af1498d1400e8e448": "1979",
    "5726938af1498d1400e8e449": "cada cinc anys",
    "5726938af1498d1400e8e44a": "Partit Popular Europeu",
    "57265e455951b619008f70bb": "si la legislaci\u00f3 de la UE entra en conflicte amb una disposici\u00f3 de la legislaci\u00f3 nacional",
    "57265e455951b619008f70bc": "que una taxa de controls sanitaris en virtut d\u2019una llei italiana del 1970 per a la importaci\u00f3 de carn bovina de Fran\u00e7a a It\u00e0lia",
    "57265e455951b619008f70bd": "1964 i 1968",
    "5726975c708984140094cb1f": "el Tribunal de Just\u00edcia de la Uni\u00f3 Europea i els m\u00e9s alts tribunals nacionals",
    "5726975c708984140094cb20": "1964",
    "5726975c708984140094cb21": "el Tribunal de Just\u00edcia",
    "5726a299dd62a815002e8b9e": "Cap",
    "5726a299dd62a815002e8b9f": "Cap dels tractats originals de la creaci\u00f3 de la Uni\u00f3 Europea",
    "5726a299dd62a815002e8ba0": "1950",
    "5726a299dd62a815002e8ba1": "Tribunal Europeu de Drets Humans",
    "5726a299dd62a815002e8ba2": "1999",
    "5726a5525951b619008f78dd": "l\u2019elecci\u00f3 del Partit Laborista del Regne Unit per governar",
    "5726a5525951b619008f78de": "Despr\u00e9s de l\u2019elecci\u00f3 del Partit Laborista del Regne Unit per governar el 1997",
    "5726a5525951b619008f78df": "Directiva sobre el Comit\u00e8 d\u2019Empresa",
    "5726a5525951b619008f78e0": "1996",
    "5726a5525951b619008f78e1": "la consulta als treballadors de les empreses",
    "5725b81b271a42140099d097": "Amazonia o Amazon Jungle",
    "5725b81b271a42140099d098": "5.500.000",
    "5725b81b271a42140099d099": "nou",
    "5725b81b271a42140099d09a": "quatre",
    "5725b81b271a42140099d09b": "m\u00e9s de la meitat",
    "5728349dff5b5019007d9efe": "Amazoneregenwoud",
    "5728349dff5b5019007d9eff": "un bosc caducifoli humit",
    "5728349dff5b5019007d9f00": "Brasil",
    "5728349dff5b5019007d9f01": "m\u00e9s de la meitat",
    "5728349dff5b5019007d9f02": "16.000",
    "5729e2316aef0514001550c4": "caducifoli humit",
    "5729e2316aef0514001550c6": "nou",
    "5729e2316aef0514001550c7": "Brasil",
    "5729e2316aef0514001550c8": "16.000",
    "5729feaf6aef051400155188": "587.000",
    "5729feaf6aef051400155189": "587.000",
    "5729feaf6aef05140015518a": "pastura per al bestiar",
    "5729feaf6aef05140015518b": "segon",
    "5729feaf6aef05140015518c": "91 %",
    "572a005f1d046914007796b7": "de soia",
    "572a005f1d046914007796b8": "un augment dels assentaments i de la desforestaci\u00f3",
    "572a005f1d046914007796b9": "18 % m\u00e9s alta que en els cinc anys anteriors",
    "572a005f1d046914007796bb": "va disminuir considerablement",
    "572a005f1d046914007796ba": "18 %",
    "572a020f6aef051400155198": "la p\u00e8rdua de biodiversitat",
    "572a020f6aef051400155199": "la destrucci\u00f3 del bosc",
    "572a020f6aef05140015519a": "la p\u00e8rdua de biodiversitat que resultar\u00e0 de la destrucci\u00f3 del bosc, i tamb\u00e9 per l\u2019alliberament del carboni contingut en la vegetaci\u00f3",
    "572a020f6aef05140015519b": "sobre el 10 %",
    "572a020f6aef05140015519c": "1,1 \u00d7 1.011",
    "572a0bebaf94a219006aa76f": "2010",
    "572a0bebaf94a219006aa770": "734.000",
    "572a0bebaf94a219006aa771": "tres",
    "572a0bebaf94a219006aa772": "2005",
    "572a0bebaf94a219006aa773": "1,5 gigatones",
    "5725bae289a1e219009abd90": "deu vegades el seu propi pes",
    "5725bae289a1e219009abd91": "100\u2013150",
    "5725bae289a1e219009abd92": "25",
    "5725c337271a42140099d163": "100\u2013150",
    "5725c337271a42140099d164": "retr\u00e0ctils vorejats de tentil\u00b7les",
    "5725c337271a42140099d165": "deu vegades el seu propi pes",
    "5725c337271a42140099d166": "tentacles",
    "5725c337271a42140099d167": "les enormes boques amb grups de grans cilis durs",
    "5726400589a1e219009ac5ee": "deu vegades el seu propi pes",
    "5726400589a1e219009ac5ef": "tentil\u00b7les",
    "5726400589a1e219009ac5f0": "les enormes boques amb grups de grans cilis durs",
    "5726400589a1e219009ac5f1": "cossos en forma d\u2019ou i un parell de tentacles retr\u00e0ctils",
    "5726400589a1e219009ac5f2": "Gaireb\u00e9 tots els cten\u00f2fors s\u00f3n depredadors",
    "5725c91e38643c19005acceb": "fa 66 milions d\u2019anys",
    "5725c91e38643c19005accec": "monofil\u00e8tics",
    "5725c91e38643c19005acced": "de comen\u00e7aments del Cambri\u00e0",
    "5725c91e38643c19005accee": "tentacles",
    "5726449f1125e71900ae1928": "de comen\u00e7aments del Cambri\u00e0",
    "5726449f1125e71900ae1929": "l\u2019extinci\u00f3 del Cretaci\u2013Paleogen",
    "5726449f1125e71900ae192a": "monofil\u00e8tics",
    "5726449f1125e71900ae192b": "moltes m\u00e9s files de cilis",
    "572648e8dd62a815002e8076": "cilis",
    "572648e8dd62a815002e8077": "com a principal m\u00e8tode de locomoci\u00f3",
    "572648e8dd62a815002e8078": "\"ctenes",
    "572648e8dd62a815002e8079": "portador de pinta",
    "57268da7f1498d1400e8e39c": "A causa de tenir cossos tous i gelatinosos",
    "57268da7f1498d1400e8e39d": "un cten\u00f2for",
    "57268da7f1498d1400e8e39e": "Cambri\u00e0 mitj\u00e0",
    "57268da7f1498d1400e8e39f": "tres",
    "57268da7f1498d1400e8e3a0": "tentacles",
    "57269016708984140094ca41": "dels Bilateria",
    "57269016708984140094ca42": "els Porifera",
    "5725edfe38643c19005ace9f": "Southwest Fresno",
    "5725edfe38643c19005acea0": "a l\u2019oest i al sud",
    "5725edfe38643c19005acea1": "afroamericana",
    "5725edfe38643c19005acea2": "mexicoamericanes i asiaticoamericanes",
    "5725edfe38643c19005acea3": "99",
    "5725f00938643c19005aced7": "M. Theo Kearney",
    "5725f00938643c19005aced8": "palmeres ben altes",
    "5725f00938643c19005aced9": "entre el carrer Fresno i l\u2019avinguda Thorne",
    "5725f00938643c19005aceda": "Fresno City Council",
    "5725f00938643c19005acedb": "a la part sud de West Side, al sud de Jensen i a l\u2019oest d\u2019Elm",
    "5725f8f5ec44d21400f3d7b1": "158.349",
    "5725f8f5ec44d21400f3d7b2": "19,3 %) hi vivia una dona com a cap de fam\u00edlia sense la pres\u00e8ncia d\u2019un marit",
    "5725f8f5ec44d21400f3d7b3": "1.388",
    "5725f8f5ec44d21400f3d7b4": "3,07",
    "5725f8f5ec44d21400f3d7b5": "3,07",
    "5725fcbe271a42140099d3ad": "Ruta Estatal 99",
    "5725fcbe271a42140099d3ae": "l\u2019autopista Sierra",
    "5725fcbe271a42140099d3af": "Eisenhower",
    "5725fcbe271a42140099d3b0": "de l\u2019oest",
    "5725fe63ec44d21400f3d7dd": "Fresno",
    "5725fe63ec44d21400f3d7de": "a la d\u00e8cada dels anys 50",
    "5725fe63ec44d21400f3d7df": "Ruta Estatal 99",
    "5725fe63ec44d21400f3d7e0": "el r\u00e0pid augment de la poblaci\u00f3 i el tr\u00e0nsit a les ciutats al llarg de la Ruta Estatal 99, aix\u00ed com la conveni\u00e8ncia del finan\u00e7ament federal",
    "5726385e271a42140099d797": "informaci\u00f3 completa sobre la direcci\u00f3",
    "5726385e271a42140099d798": "individualment",
    "5726385e271a42140099d799": "amb una adre\u00e7a de destinaci\u00f3, amb una adre\u00e7a d\u2019origen i amb n\u00fameros de port",
    "5726385e271a42140099d79a": "el missatge o les dades originals es tornen a col\u00b7locar en l\u2019ordre correcte",
    "57263c78ec44d21400f3dc7b": "1969",
    "57263c78ec44d21400f3dc7c": "la divisi\u00f3 de funcions i tasques entre els allotjadors a l\u2019extrem de la xarxa i el nucli de la xarxa",
    "57263c78ec44d21400f3dc7d": "el lliurament seq\u00fcencial de dades a l\u2019allotjador",
    "57263c78ec44d21400f3dc7e": "aquest tipus de xarxa",
    "57263ea0271a42140099d7c3": "un conjunt de protocols de xarxa",
    "57263ea0271a42140099d7c4": "amb tres capes",
    "57263ea0271a42140099d7c5": "set",
    "57263ea0271a42140099d7c6": "est\u00e0ndards oberts amb especificacions p\u00fabliques",
    "5726414e271a42140099d7e5": "ajudar el desenvolupament educatiu i econ\u00f2mic de l\u2019Estat",
    "5726414e271a42140099d7e6": "les connexions amb l\u2019ordinador central del CDC",
    "5726414e271a42140099d7e7": "en el projecte NSFNET",
    "5726472bdd62a815002e8042": "un consorci de xarxes inform\u00e0tiques sense \u00e0nim de lucre dels Estats Units",
    "5726472bdd62a815002e8043": "Level 3 Communications",
    "5726472bdd62a815002e8044": "Abilene",
    "5726472bdd62a815002e8045": "Level 3 Communications",
    "5726472bdd62a815002e8046": "Internet2 Network",
    "57264b3edd62a815002e80aa": "el cel",
    "57264b3edd62a815002e80ab": "al rei de Fran\u00e7a",
    "57264b3edd62a815002e80ac": "miasm\u00e0tica",
    "57264b3edd62a815002e80ad": "miasm\u00e0tica",
    "57264f18f1498d1400e8dbae": "branques gen\u00e8tiques",
    "57264f18f1498d1400e8dbaf": "Y. p. orientalis i Y. p. medievalis",
    "57264f18f1498d1400e8dbb0": "que la pesta podria haver entrat a Europa en dues onades",
    "57264f18f1498d1400e8dbb1": "al voltant del novembre del 1347",
    "57264f18f1498d1400e8dbb2": "durant la primavera del 1349",
    "5726534d708984140094c26d": "que la causa era una forma d\u2019\u00e0ntrax",
    "5726534d708984140094c26e": "una combinaci\u00f3 d\u2019\u00e0ntrax i altres pand\u00e8mies",
    "5726534d708984140094c26f": "el tifus, la verola i les infeccions respirat\u00f2ries",
    "5726534d708984140094c270": "una mena d\u2019\u201cenverinament de la sang\u201d",
    "5726534d708984140094c271": "25",
    "57265642f1498d1400e8dc68": "40.000",
    "57265642f1498d1400e8dc69": "R\u00fassia",
    "57265642f1498d1400e8dc6b": "la pesta italiana",
    "57265642f1498d1400e8dc6c": "1654",
    "57265642f1498d1400e8dc6a": "22",
    "5726577f708984140094c301": "entre els anys 1500 i 1850",
    "5726577f708984140094c302": "de 30 a 50 mil habitants",
    "5726577f708984140094c303": "al segon quart del segle XIX",
    "5726577f708984140094c304": "dos ter\u00e7os de la poblaci\u00f3",
    "572663a9f1498d1400e8ddf2": "una subsecci\u00f3 de la l\u00ednia del temps anterior",
    "572663a9f1498d1400e8ddf4": "el Quaternari",
    "572663a9f1498d1400e8ddf5": "Holoc\u00e8",
    "572663a9f1498d1400e8ddf6": "quaternari",
    "572669a9dd62a815002e8416": "El principi de la successi\u00f3 faun\u00edstica",
    "572669a9dd62a815002e8417": "en l\u2019aparici\u00f3 de f\u00f2ssils a les roques sediment\u00e0ries",
    "572669a9dd62a815002e8418": "for\u00e7a complex",
    "572669a9dd62a815002e8419": "els organismes s\u00f3n presents al mateix per\u00edode arreu del m\u00f3n, la seva pres\u00e8ncia o (de vegades) la seva abs\u00e8ncia",
    "572669a9dd62a815002e841a": "Charles Darwin",
    "57268066708984140094c821": "els estratigrafistes",
    "57268066708984140094c822": "geof\u00edsics",
    "57268066708984140094c823": "els registres dels pous",
    "57268066708984140094c824": "programes inform\u00e0tics",
    "57268066708984140094c825": "aigua, carb\u00f3 i hidrocarburs",
    "572683f95951b619008f7525": "fins a P\u00e8rsia",
    "572683f95951b619008f7526": "Abu-r-Rayhan al-Birun\u00ed",
    "572683f95951b619008f7527": "Shen Kuo",
    "572683f95951b619008f7528": "Ibn Sina",
    "572683f95951b619008f7529": "la deposici\u00f3 de llim",
    "57268527708984140094c8bf": "James Hutton",
    "57268527708984140094c8c0": "Teoria de la Terra",
    "57268527708984140094c8c1": "1795",
    "57268527708984140094c8c2": "que la Terra havia de ser molt m\u00e9s antiga del que s\u2019havia suposat fins llavors",
    "5726660d5951b619008f71b1": "Pons Aelius",
    "5726660d5951b619008f71b2": "Tyne",
    "5726660d5951b619008f71b3": "2.000 habitants",
    "5726660d5951b619008f71b4": "del mur d\u2019Adri\u00e0",
    "5726660d5951b619008f71b5": "pictes",
    "572671e55951b619008f72d7": "Butcher Market",
    "572671e55951b619008f72d8": "1835",
    "572671e55951b619008f72d9": "2.000",
    "572671e55951b619008f72da": "amb un gran sopar",
    "572671e55951b619008f72db": "English Heritage",
    "5726847f708984140094c8ab": "folk rock",
    "5726847f708984140094c8ac": "1971",
    "5726847f708984140094c8ad": "Venom",
    "5726847f708984140094c8ae": "Skyclad",
    "5726847f708984140094c8af": "Duran Duran",
    "57268a8fdd62a815002e88ce": "suburbans",
    "57268a8fdd62a815002e88cf": "cinc",
    "57268a8fdd62a815002e88d0": "de gran profunditat",
    "57268a8fdd62a815002e88d1": "un pont que creua el Tyne",
    "57268a8fdd62a815002e88d2": "m\u00e9s de 37 milions",
    "57269698dd62a815002e8a6c": "dues",
    "57269698dd62a815002e8a6d": "La Universitat de Newcastle",
    "57269698dd62a815002e8a6e": "el desitjat premi de la Universitat de l\u2019Any del Sunday Times",
    "57269698dd62a815002e8a6f": "Universitat de Northumbria a Newcastle",
    "57269698dd62a815002e8a70": "Universitat de Northumbria",
    "572685cd5951b619008f7573": "la Gran Exposici\u00f3 del 1851",
    "572685cd5951b619008f7574": "Henry Cole",
    "572685cd5951b619008f7575": "Museu de les Ind\u00fastries",
    "572685cd5951b619008f7576": "Somerset House",
    "572685cd5951b619008f7577": "Gottfried Semper",
    "5726bf325951b619008f7cfd": "m\u00e9s de 70.000",
    "5726bf325951b619008f7cfe": "la Xina, el Jap\u00f3 i Corea",
    "5726bf325951b619008f7cff": "T. T. Tsui Gallery",
    "5726bf325951b619008f7d00": "1991",
    "5726bf325951b619008f7d01": "Ming i Qing",
    "5726e37ef1498d1400e8eed8": "1.442",
    "5726e37ef1498d1400e8eed9": "Paraula i Imatge",
    "5726e37ef1498d1400e8eeda": "generalment la roba d\u2019\u00fas habitual d\u2019\u00e8poques anteriors no ha sobreviscut",
    "5726e37ef1498d1400e8eedb": "1913",
    "5726e37ef1498d1400e8eedc": "V&A",
    "5726f1ec708984140094d6aa": "m\u00e9s de 5.100",
    "5726f1ec708984140094d6ad": "Chris Smith",
    "5726f1ec708984140094d6ab": "l\u2019Horniman Museum",
    "5726f1ec708984140094d6ac": "35",
    "5726f1ec708984140094d6a9": "2010",
    "5726f4a0708984140094d6e9": "1857",
    "5726f4a0708984140094d6ea": "233",
    "5726f4a0708984140094d6eb": "formar una \u201cGaleria Nacional d\u2019Art Brit\u00e0nic",
    "5726f4a0708984140094d6ec": "La carreta de fenc",
    "5726f4a0708984140094d6ed": "d\u2019artistes brit\u00e0nics contemporanis",
    "572734af708984140094dae3": "el seu logotip rod\u00f3",
    "572734af708984140094dae4": "Troika Design Group",
    "572734af708984140094dae5": "negre i groc",
    "572734af708984140094dae6": "el punt\",",
    "572735a15951b619008f86bf": "Pittard Sullivan",
    "572735a15951b619008f86c0": "1998\u20132002",
    "572735a15951b619008f86c1": "Ens encanta la tele",
    "572735a15951b619008f86c2": "al comen\u00e7ament de la programaci\u00f3 de l\u2019ABC a la Carta",
    "57273f9d708984140094db51": "Robert Kintner",
    "57273f9d708984140094db52": "DuMont Television Network",
    "57273f9d708984140094db53": "ABC-DuMont\"",
    "57273f9d708984140094db54": "5 milions de d\u00f2lars",
    "572743fb708984140094db93": "A principis dels anys 70",
    "572743fb708984140094db94": "la CBS i l\u2019NBC",
    "572743fb708984140094db95": "demogr\u00e0fiques i de comportament",
    "57276166dd62a815002e9bd8": "90 %",
    "57276166dd62a815002e9bd9": "Dinastia",
    "57276166dd62a815002e9bda": "Mork i Mindy",
    "57276166dd62a815002e9bdb": "Alpha Repertory Television Service",
    "5726a8d4dd62a815002e8c34": "dels onggirat",
    "5726a8d4dd62a815002e8c35": "el clan merkita",
    "5726a8d4dd62a815002e8c36": "del seu amic i futur rival, Djamuqa, i del seu protector, Toghrul Kan",
    "5726a8d4dd62a815002e8c37": "Jotxi",
    "5726a8d4dd62a815002e8c38": "1185\u20131226",
    "5726acc1f1498d1400e8e6ca": "de l\u2019aristocr\u00e0cia tradicional mongola",
    "5726acc1f1498d1400e8e6cb": "Koktxu",
    "5726acc1f1498d1400e8e6cc": "1186",
    "5726acc1f1498d1400e8e6cd": "a la batalla de Dalan Balzhut",
    "5726acc1f1498d1400e8e6ce": "Kara-khitai",
    "57273455f1498d1400e8f48c": "Edsen Khoroo",
    "57273455f1498d1400e8f48d": "Dongshan Dafo Dian",
    "57273455f1498d1400e8f48e": "al fam\u00f3s monestir tibet\u00e0 de Kumbum o Ta'er Shi",
    "57273455f1498d1400e8f48f": "1954",
    "57273455f1498d1400e8f490": "la Gu\u00e0rdia Roja",
    "57273dccdd62a815002e99fa": "des del mar Caspi fins al mar del Jap\u00f3",
    "57273dccdd62a815002e99fb": "des del mar Caspi fins al mar del Jap\u00f3",
    "57273dccdd62a815002e99fc": "Ogodei Kan",
    "57273dccdd62a815002e99fd": "1279",
    "572754cd5951b619008f8863": "Hulegu Kan",
    "572754cd5951b619008f8864": "els mamelucs d\u2019Egipte",
    "572754cd5951b619008f8865": "Mahmud Ghazan",
    "572754cd5951b619008f8866": "1237",
    "572754cd5951b619008f8867": "N\u00f3vgorod i Pskov",
    "5726da89dd62a815002e92b2": "d\u2019altres t\u00e8cnics en farm\u00e0cia de rang superior",
    "5726da89dd62a815002e92b3": "al registre del Consell General de Farmac\u00e8utics",
    "5726da89dd62a815002e92b4": "l\u2019\u00f2rgan rector dels professionals sanitaris i farmac\u00e8utics",
    "5726da89dd62a815002e92b5": "sanitari",
    "5726da89dd62a815002e92b6": "la gesti\u00f3 del departament de farm\u00e0cia i de les \u00e0rees especialitzades en la pr\u00e0ctica farmac\u00e8utica",
    "5726ddf6f1498d1400e8ee04": "bot\u00e0nica i qu\u00edmica",
    "5726ddf6f1498d1400e8ee05": "Abu-Bakr Muh\u00e0mmad ibn Zakariyy\u00e0 ar-Raz\u00ed",
    "5726ddf6f1498d1400e8ee06": "Sabur Ibn Sahl",
    "5726ddf6f1498d1400e8ee08": "Abu-Bakr Muh\u00e0mmad ibn Zakariyy\u00e0 ar-Raz\u00ed",
    "5726ddf6f1498d1400e8ee07": "entre carbonat de sodi i carbonat de potassi",
    "5726e08e5951b619008f810f": "a la legislaci\u00f3 farmac\u00e8utica",
    "5726e08e5951b619008f8110": "de l\u2019automatitzaci\u00f3",
    "5726e08e5951b619008f8111": "de l\u2019automatitzaci\u00f3",
    "5726e08e5951b619008f8112": "amb les receptes i els problemes de seguretat dels pacients",
    "5726e08e5951b619008f8113": "els requisits sobre les condicions d\u2019emmagatzematge, els textos i equipaments obligatoris",
    "5726ea985951b619008f8261": "a revisar el r\u00e8gim de medicaments",
    "5726ea985951b619008f8262": "en resid\u00e8ncies per a gent gran",
    "5726ea985951b619008f8263": "Omnicare, Kindred Healthcare i PharMerica",
    "5726ea985951b619008f8264": "perqu\u00e8 moltes persones grans ara prenen nombrosos medicaments, per\u00f2 continuen vivint fora dels entorns institucionals",
    "5726ea985951b619008f8265": "fan servir farmac\u00e8utics consultors i/o ofereixen serveis de consultoria",
    "5726f48df1498d1400e8f0da": "per separat dels metges",
    "5726f48df1498d1400e8f0db": "els farmac\u00e8utics",
    "5726f48df1498d1400e8f0dc": "el Codi \u00e8tic de l\u2019Associaci\u00f3 M\u00e8dica Americana",
    "5726f48df1498d1400e8f0dd": "entre el 7 i el 10 per cent",
    "5726f48df1498d1400e8f0de": "establir aliances comercials amb metges ni donar-los \"incentius\".",
    "5726eb8bf1498d1400e8efe2": "malalties autoimmunit\u00e0ries, malalties inflamat\u00f2ries i c\u00e0ncer",
    "5726eb8bf1498d1400e8efe3": "quan el sistema immunitari \u00e9s menys actiu del normal",
    "5726eb8bf1498d1400e8efe4": "infeccions recurrents i potencialment mortals",
    "5726eb8bf1498d1400e8efe5": "quan el sistema immunitari \u00e9s menys actiu del normal",
    "5726eb8bf1498d1400e8efe6": "\u00e8mic",
    "5728f2e26aef051400154896": "La immunodefici\u00e8ncia",
    "5728f2e26aef051400154897": "l\u2019autoimmunitat",
    "5728f2e26aef051400154898": "La immunologia",
    "5728f2e26aef051400154899": "el VIH o la SIDA",
    "572a03086aef0514001551a2": "glucocorticoides",
    "572a03086aef0514001551a3": "citot\u00f2xics o immunosupressors",
    "572a03086aef0514001551a4": "el metotrexat o l\u2019azatioprina",
    "572a03086aef0514001551a5": "la ciclosporina",
    "572a04d51d046914007796cd": "les c\u00e8l\u00b7lules citocides naturals i les c\u00e8l\u00b7lules T citot\u00f2xiques",
    "572a04d51d046914007796ce": "el cortisol i les catecolamines",
    "572a04d51d046914007796cf": "melatonina",
    "572a04d51d046914007796d0": "la producci\u00f3 de radicals lliures",
    "572a07fc6aef0514001551dc": "immunoglobulines i receptors de c\u00e8l\u00b7lules T",
    "572a07fc6aef0514001551dd": "la llampresa i el peix bruixa",
    "572a07fc6aef0514001551de": "receptors de limf\u00f2cits variables",
    "572a07fc6aef0514001551df": "adaptatiu",
    "572a0e4b6aef051400155214": "variaci\u00f3 antig\u00e8nica",
    "572a0e4b6aef051400155215": "VIH",
    "572a0e4b6aef051400155216": "Trypanosoma brucei",
    "572a0e4b6aef051400155217": "els antigens",
    "5727213c708984140094da35": "Percy Shelley",
    "5727213c708984140094da36": "no-violenta",
    "5727213c708984140094da38": "Satyagraha",
    "5727213c708984140094da39": "va citar La m\u00e0scara de l\u2019anarquia de Shelley davant de grans audi\u00e8ncies durant la campanya per una \u00cdndia lliure",
    "5727213c708984140094da37": "Henry David Thoreau",
    "5728d63c4b864d1900164f18": "Percy Shelley",
    "5728d63c4b864d1900164f19": "el poeta Percy Shelley",
    "5728d63c4b864d1900164f1a": "protesta no-violenta",
    "5728d63c4b864d1900164f1c": "Satyagraha",
    "5728d63c4b864d1900164f1b": "Gandhi",
    "5728202c4b864d19001644ec": "desobedi\u00e8ncia civil revolucion\u00e0ria",
    "5728202c4b864d19001644ed": "els hongaresos, sota el lideratge de Ferenc De\u00e1k",
    "5728202c4b864d19001644ee": "Ferenc De\u00e1k",
    "5728202c4b864d19001644ef": "Gandhi",
    "5728202c4b864d19001644f0": "les lleis",
    "5728e07e3acd2414000e00e9": "una desobedi\u00e8ncia de les lleis",
    "5728e07e3acd2414000e00ea": "per fer que determinades lleis siguin ineficaces, per a provocar-ne la derogaci\u00f3 o exercir pressi\u00f3 per a aconseguir atraure el desig pol\u00edtic sobre algun altre tema",
    "5728e07e3acd2414000e00eb": "fer que determinades lleis siguin ineficaces",
    "5728e07e3acd2414000e00ec": "no revolucion\u00e0ria",
    "5728e07e3acd2414000e00ed": "Gandhi",
    "57282dfb4b864d1900164668": "el funcionament d\u2019un sistema",
    "57282dfb4b864d1900164669": "mitjan\u00e7ant el bloqueig de les portes i l\u2019\u00fas de fal\u00e7s per a desinflar una de les grans c\u00fapules que cobreixen dues antenes parab\u00f2liques",
    "57282dfb4b864d190016466a": "el bloqueig de les portes i l\u2019\u00fas de fal\u00e7s per a desinflar una de les grans c\u00fapules que cobreixen dues antenes parab\u00f2liques",
    "57282dfb4b864d190016466b": "una coacci\u00f3 limitada",
    "57282dfb4b864d190016466c": "coercitives",
    "5728e715ff5b5019007da914": "civil",
    "5728e715ff5b5019007da916": "dificulten el funcionament d\u2019un sistema",
    "5728e715ff5b5019007da917": "entaular un di\u00e0leg moral",
    "5728e715ff5b5019007da918": "desobedi\u00e8ncia civil",
    "5728eb1a3acd2414000e01c5": "c\u00e0stigs",
    "5728eb1a3acd2414000e01c6": "per una violaci\u00f3 de la legislaci\u00f3 penal que no infringeixi els drets dels altres",
    "5728eb1a3acd2414000e01c7": "consideren que els correspon acceptar el c\u00e0stig per a validar el contracte social",
    "5728eb1a3acd2414000e01c8": "anarquistes",
    "5728eb1a3acd2414000e01c9": "per una violaci\u00f3 de la legislaci\u00f3 penal que no infringeixi els drets dels altres",
    "5728eef92ca10214002daab0": "un acord de culpabilitat",
    "5728eef92ca10214002daab1": "la fiscalia",
    "5728eef92ca10214002daab2": "En algunes situacions de detenci\u00f3 massiva",
    "5728eef92ca10214002daab3": "la fiscalia",
    "5728eef92ca10214002daab4": "Mohandas Gandhi",
    "57273a465951b619008f86ff": "La construcci\u00f3",
    "57273a465951b619008f8700": "la fabricaci\u00f3",
    "57273a465951b619008f8701": "entre el sis i el nou per cent",
    "57273a465951b619008f8702": "una cita",
    "57273a465951b619008f8703": "per a un client conegut",
    "57273e50dd62a815002e9a02": "una revista especialitzada per a la ind\u00fastria de la construcci\u00f3",
    "57273e50dd62a815002e9a03": "ENR",
    "57273e50dd62a815002e9a04": "2014",
    "57273e50dd62a815002e9a05": "sobre transport, clavegueram, residus perillosos i aigua",
    "57273f27dd62a815002e9a0a": "construcci\u00f3 d\u2019edificis, construcci\u00f3 d\u2019enginyeria civil i pesada, i contractistes comercials especialitzats",
    "57273f27dd62a815002e9a0b": "per a empreses de serveis de construcci\u00f3 (per exemple, enginyeria, arquitectura) i mestres d\u2019obra",
    "57273f27dd62a815002e9a0c": "La classificaci\u00f3 industrial est\u00e0ndard i el nou sistema de classificaci\u00f3 de la ind\u00fastria nord-americana",
    "57273f27dd62a815002e9a0d": "empreses dedicades a la gesti\u00f3 de projectes de construcci\u00f3",
    "57274e0d708984140094dbe5": "d\u2019especialitats",
    "57274e0d708984140094dbe6": "totalment independents",
    "57274e0d708984140094dbe7": "com a \"finestreta \u00fanica\"",
    "57274e0d708984140094dbe8": "de \"disseny i construcci\u00f3",
    "572750e8dd62a815002e9af0": "els requisits del codi d\u2019edificaci\u00f3 i zonificaci\u00f3",
    "572750e8dd62a815002e9af1": "el propietari",
    "572750e8dd62a815002e9af2": "una q\u00fcesti\u00f3 de costums o expectatives",
    "572750e8dd62a815002e9af3": "una q\u00fcesti\u00f3 de costums o expectatives",
    "572750e8dd62a815002e9af4": "Un advocat",
    "57274b35f1498d1400e8f5d4": "Erg\u00e4nzungsschulen",
    "57274b35f1498d1400e8f5d5": "centres de formaci\u00f3 professional",
    "57274b35f1498d1400e8f5d6": "a partir de les taxes acad\u00e8miques que cobren als estudiants",
    "57274b35f1498d1400e8f5d7": "grups religiosos",
    "57274beff1498d1400e8f5e4": "escoles independents",
    "57274beff1498d1400e8f5e5": "la CBSE",
    "57274beff1498d1400e8f5e6": "30",
    "57274beff1498d1400e8f5e7": "el govern nacional",
    "5727515f708984140094dc11": "La Llei d\u2019escoles de Sud-\u00e0frica del 1996",
    "5727515f708984140094dc12": "1996",
    "5727515f708984140094dc13": "\"p\u00fabliques\" (controlades per l\u2019estat) i \"independents",
    "5727515f708984140094dc14": "les escoles privades tradicionals",
    "5727515f708984140094dc15": "XIX",
    "57275409708984140094dc35": "semiprivades\"",
    "57275409708984140094dc36": "m\u00e9s bons",
    "57275409708984140094dc37": "m\u00e9s altes",
    "572757bef1498d1400e8f690": "Brown",
    "572757bef1498d1400e8f691": "privades",
    "572757bef1498d1400e8f692": "A gran part del sud",
    "572757bef1498d1400e8f693": "blanca",
    "572757bef1498d1400e8f694": "la majoria d\u2019estudiants d\u2019\u00e8tnia afroamericana",
    "5727aec03acd2414000de991": "Boston",
    "5727aec03acd2414000de992": "37.600 milions de d\u00f2lars",
    "5727aec03acd2414000de993": "Charles",
    "5727aec03acd2414000de994": "onze",
    "5727aec03acd2414000de995": "Harvard Yard",
    "5727cc15ff5b5019007d9576": "davant del campus de Cambridge",
    "5727cc15ff5b5019007d9577": "John W. Weeks",
    "5727cc15ff5b5019007d9578": "Longwood",
    "5727d0f73acd2414000ded13": "a finals dels anys 80",
    "5727d0f73acd2414000ded14": "Duke Kent-Brown",
    "5727d0f73acd2414000ded15": "230 milions de d\u00f2lars",
    "5727d1c93acd2414000ded3f": "la segona taxa m\u00e9s baixa",
    "5727d1c93acd2414000ded40": "2007",
    "5727d1c93acd2414000ded41": "ja que es creia que aquest programa perjudicava els candidats de minories amb ingressos baixos i infrarepresentades que presentaven la seva candidatura a universitats selectives",
    "5727d1c93acd2414000ded42": "2016",
    "5727de862ca10214002d9860": "Ban Ki-moon",
    "5727de862ca10214002d9861": "Juan Manuel Santos",
    "5727de862ca10214002d9862": "Jos\u00e9 Mar\u00eda Figueres",
    "5727de862ca10214002d9863": "Benazir Bhutto",
    "5727c94bff5b5019007d954a": "Jacksonville",
    "5727c94bff5b5019007d954b": "1.345.596",
    "5727c94bff5b5019007d954c": "major superf\u00edcie",
    "5727c94bff5b5019007d954d": "Duval",
    "5727c94bff5b5019007d954e": "1968",
    "5727cb4b2ca10214002d9676": "St. Johns",
    "5727cb4b2ca10214002d9677": "a unes 25 milles (40 km) al sud de la l\u00ednia estatal de Ge\u00f2rgia i a unes 340 milles",
    "5727cb4b2ca10214002d9678": "Fort Caroline",
    "5727cb4b2ca10214002d9679": "Timucua",
    "5727cb4b2ca10214002d967a": "Andrew Jackson",
    "57280fd3ff5b5019007d9c26": "Jean Ribault",
    "57280fd3ff5b5019007d9c27": "Fran\u00e7a",
    "57280fd3ff5b5019007d9c28": "un ex\u00e8rcit espanyol de l\u2019assentament espanyol proper de St. Augustine",
    "57280fd3ff5b5019007d9c29": "San Mateo",
    "57280fd3ff5b5019007d9c2a": "al riu St. Johns",
    "57281ab63acd2414000df493": "La construcci\u00f3 d\u2019autopistes",
    "57281ab63acd2414000df494": "55,1 %",
    "57281ab63acd2414000df495": "fugida blanca\"",
    "57281ab63acd2414000df496": "W. Haydon Burns",
    "57281ab63acd2414000df497": "la r\u00e0pida expansi\u00f3 urbana",
    "572824f13acd2414000df58f": "l\u2019hurac\u00e0 Dora",
    "572824f13acd2414000df590": "gaireb\u00e9 no van baixar dels 110 mph",
    "572824f13acd2414000df591": "Beryl",
    "572824f13acd2414000df592": "Saffir-Simpson",
    "572824f13acd2414000df593": "2008",
    "572a1046af94a219006aa78d": "proves",
    "572a1046af94a219006aa78e": "limitant la demanda agregada",
    "572a1046af94a219006aa78f": "economista",
    "572a1046af94a219006aa790": "la import\u00e0ncia creixent del capital hum\u00e0 en el desenvolupament",
    "572a1046af94a219006aa791": "l\u2019educaci\u00f3 generalitzada",
    "572a11663f37b31900478693": "1993",
    "572a11663f37b31900478694": "perjudicial persistent",
    "572a11663f37b31900478695": "els canals a trav\u00e9s dels quals la desigualtat pot tenir un impacte en el creixement econ\u00f2mic",
    "572a11663f37b31900478696": "d\u2019impostos redistributius",
    "572a11663f37b31900478697": "inestables",
    "572a13841d0469140077973b": "la hip\u00f2tesi de la corba de Kuznets",
    "572a13841d0469140077973c": "primer creix",
    "572a13841d0469140077973d": "Thomas Piketty",
    "572a13841d0469140077973e": "economista",
    "572a13841d0469140077973f": "des de les guerres del 1914 al 1945 i les \"greus crisis econ\u00f2miques i pol\u00edtiques\",",
    "572a18a4af94a219006aa7df": "durant la d\u00e8cada dels anys 70",
    "572a18a4af94a219006aa7e0": "la reducci\u00f3 de la demanda dels consumidors",
    "572a18a4af94a219006aa7e1": "una desigualtat d\u2019ingressos m\u00e9s gran",
    "572a18a4af94a219006aa7e2": "diversos anys",
    "572a18a4af94a219006aa7e3": "amb m\u00e9s igualtat en la distribuci\u00f3 de la renda",
    "572a1a5c6aef051400155284": "esfor\u00e7os especials",
    "572a1a5c6aef051400155285": "del nivell de desigualtat existent",
    "572a1a5c6aef051400155286": "la mateixa reducci\u00f3",
    "572a1a5c6aef051400155287": "de les Nacions Unides",
    "572a1a5c6aef051400155288": "cap a la reducci\u00f3 de la pobresa",
    "5727f3193acd2414000df0a5": "poques vegades",
    "5727f3193acd2414000df0a6": "l\u2019Amo",
    "5727f3193acd2414000df0a7": "regenerar-se",
    "5727f3193acd2414000df0a8": "humans",
    "5727f3193acd2414000df0a9": "Senyor del Temps",
    "57280f0d3acd2414000df35b": "Una nena sobrenatural",
    "57280f0d3acd2414000df35c": "Susan Foreman",
    "57280f0d3acd2414000df35d": "2005",
    "57280f0d3acd2414000df35e": "havia estat destru\u00eft",
    "57280f0d3acd2414000df35f": "\"Smith i Jones\"",
    "572811434b864d190016438c": "femen\u00ed",
    "572811434b864d190016438d": "Rose Tyler",
    "572811434b864d190016438e": "El Doctor Onz\u00e8",
    "572811434b864d190016438f": "Bill",
    "572811434b864d1900164390": "Catherine Tate",
    "57281a952ca10214002d9dea": "Dudley Simpson",
    "57281a952ca10214002d9deb": "El planeta dels gegants",
    "57281a952ca10214002d9dec": "15 anys",
    "57281a952ca10214002d9ded": "Les banyes de Nimon",
    "57281a952ca10214002d9dee": "Les banyes de Nimon",
    "572828383acd2414000df5c3": "Trevor Martin",
    "572828383acd2414000df5c4": "L\u2019\u00faltima aventura",
    "572828383acd2414000df5c5": "La maledicci\u00f3 dels d\u00e0leks",
    "572828383acd2414000df5c6": "Doctor Who \u2013 L\u2019\u00faltima aventura",
    "572828383acd2414000df5c7": "Trevor Martin",
    "57284b904b864d19001648e2": "Quadril\u00e0ter Principal",
    "57284b904b864d19001648e3": "sis",
    "57284b904b864d19001648e4": "Henry Ives Cobb",
    "57284b904b864d19001648e5": "Torre Magdalena",
    "57284b904b864d19001648e6": "Torre Magdalena",
    "57284d484b864d1900164900": "Despr\u00e9s de la d\u00e8cada dels anys 40",
    "57284d484b864d1900164901": "Eero Saarinen",
    "57284d484b864d1900164902": "Facultat d\u2019Administraci\u00f3 i Serveis Socials de la universitat",
    "57284d484b864d1900164903": "Facultat d\u2019Administraci\u00f3 i Serveis Socials",
    "57284d484b864d1900164904": "2003",
    "572855973acd2414000df925": "la Laboratory Schools de la Univesitat de Chicago",
    "572855973acd2414000df926": "per a persones amb problemes emocionals i de comportament",
    "572855973acd2414000df927": "quatre",
    "572855973acd2414000df928": "quatre escoles concertades al sud de Chicago",
    "572855973acd2414000df929": "al campus de la Universitat de Chicago",
    "57286951ff5b5019007da20e": "Satya Nadella",
    "57286951ff5b5019007da20f": "Larry Ellison",
    "57286951ff5b5019007da210": "Larry Ellison",
    "57286951ff5b5019007da211": "Jon Corzine",
    "57286951ff5b5019007da212": "James O. McKinsey",
    "572870b2ff5b5019007da222": "Thomas Sowell",
    "572870b2ff5b5019007da223": "Thomas Sowell",
    "572870b2ff5b5019007da224": "Paul Samuelson",
    "572870b2ff5b5019007da225": "Eugene Fama",
    "57286dfa2ca10214002da332": "despr\u00e9s del 1279",
    "57286dfa2ca10214002da333": "un tif\u00f3 poc propici",
    "57286dfa2ca10214002da334": "Annam",
    "57286dfa2ca10214002da335": "a la batalla de B\u1ea1ch \u0110\u1eb1ng",
    "57286dfa2ca10214002da336": "a la batalla de B\u1ea1ch \u0110\u1eb1ng",
    "57286fa83acd2414000df9e5": "Gegeen Kan",
    "57286fa83acd2414000df9e6": "del 1321 al 1323",
    "57286fa83acd2414000df9e7": "Baiju",
    "57286fa83acd2414000df9e8": "les institucions integrals del Gran Yuan",
    "57286fa83acd2414000df9e9": "cinc",
    "57287d4a2ca10214002da3e4": "els xinesos han, els khitans, els jurchens, els mongols i els budistes tibetans",
    "57287d4a2ca10214002da3e5": "Tang, Song, i tamb\u00e9 Khitan Liao i Jurchen Jin",
    "57287d4a2ca10214002da3e6": "Liu Bingzhong i Yao Shu",
    "57287d4a2ca10214002da3e7": "tripartida xinesa",
    "57287d4a2ca10214002da3e8": "oficines civils, militars i censuradores, inclosa la Secretaria Central (Zhongshu Sheng) per gestionar els assumptes civils, el Consell Privat",
    "572881d34b864d1900164a5a": "medicina musulmana",
    "572881d34b864d1900164a5b": "Jes\u00fas l'Int\u00e8rpret",
    "572881d34b864d1900164a5c": "1263",
    "572881d34b864d1900164a5d": "el seu sistema humoral",
    "572881d34b864d1900164a5e": "yin-yang i wuxing",
    "5728848cff5b5019007da298": "Frederick W. Mote",
    "5728848cff5b5019007da299": "\"graus de privilegi\"",
    "5728848cff5b5019007da29a": "rics i amb bona reputaci\u00f3 social",
    "5728848cff5b5019007da29b": "vivien en la pobresa",
    "57290b21af94a219006a9fcf": "baix",
    "57290b21af94a219006a9fd0": "la prevalen\u00e7a de la corrupci\u00f3 del sector p\u00fablic en diversos pa\u00efsos",
    "57290b21af94a219006a9fd1": "139a",
    "57290b21af94a219006a9fd2": "l\u2019\u00cdndex de percepci\u00f3 de la corrupci\u00f3 (IPC) de Transparency International",
    "57290ee2af94a219006a9fff": "28 de febrer del 2008",
    "57290ee2af94a219006aa000": "el segon primer ministre de Kenya",
    "57290ee2af94a219006aa001": "dels grups PNU i ODM",
    "57290ee2af94a219006aa002": "la for\u00e7a de cada partit al Parlament",
    "57290ee2af94a219006aa003": "fins al final del Parlament actual",
    "572914f46aef051400154a46": "tant per al president Kenyatta com per al vicepresident William Ruto",
    "572914f46aef051400154a47": "Barack Obama",
    "572914f46aef051400154a48": "la Xina",
    "572914f46aef051400154a49": "El juliol del 2015",
    "572920d73f37b31900478055": "en l\u2019agricultura",
    "572920d73f37b31900478056": "fins al 30 %",
    "572920d73f37b31900478057": "entre 9\u201318 anys",
    "572920d73f37b31900478058": "la pobresa, la manca d\u2019acc\u00e9s a l\u2019educaci\u00f3 i les institucions governamentals febles",
    "5729281baf94a219006aa11f": "el criquet, els ral\u00b7lis, el futbol, \u200b\u200bel rugbi i la boxa",
    "5729281baf94a219006aa120": "l'atletisme de mitja i llarga dist\u00e0ncia",
    "5729281baf94a219006aa121": "Els atletes kenyans",
    "5729281baf94a219006aa122": "Marroc i Eti\u00f2pia",
    "57293bc91d0469140077919b": "Hoesung Lee",
    "57293bc91d0469140077919c": "coreana",
    "57293bc91d0469140077919d": "Ismail El Gizouli",
    "57293bc91d0469140077919e": "Hoesung Lee",
    "57293bc91d0469140077919f": "febrer del 2015",
    "57293e221d046914007791d5": "que estan segurs que les emissions resultants de les activitats humanes augmenten substancialment les concentracions atmosf\u00e8riques dels gasos d\u2019efecte hivernacle",
    "57293e221d046914007791d6": "un escalfament addicional de la superf\u00edcie terrestre",
    "57293e221d046914007791d7": "m\u00e9s de la meitat",
    "57293e221d046914007791d8": "\"business as usual\"",
    "57293e221d046914007791d9": "del 0,3 al 0,6 \u00b0C",
    "572940973f37b319004781a5": "la data",
    "572940973f37b319004781a6": "la mala aplicaci\u00f3 de procediments IPCC ben establerts en aquest cas\".",
    "572940973f37b319004781a7": "un informe ICSI",
    "572940973f37b319004781a8": "WWF",
    "57294209af94a219006aa201": "1999",
    "57294209af94a219006aa202": "Michael E. Mann, Raymond S. Bradley i Malcolm K. Hughes",
    "57294209af94a219006aa203": "gr\u00e0fic del pal d'hoquei",
    "57294209af94a219006aa204": "Michael E. Mann, Raymond S. Bradley i Malcolm K. Hughes",
    "57294e6b1d04691400779275": "la regulaci\u00f3 global sobre l\u2019esgotament de l\u2019oz\u00f3 basada en el Protocol de Montreal",
    "57294e6b1d04691400779276": "el canvi clim\u00e0tic, el Protocol de Kyoto va fracassar",
    "57294e6b1d04691400779277": "estats i governs",
    "572957ad1d046914007792d9": "en la primera c\u00e8l\u00b7lula eucariota",
    "572957ad1d046914007792da": "fa uns mil milions d\u2019anys",
    "572957ad1d046914007792db": "Les dues membranes de bicapa lip\u00eddica",
    "572957ad1d046914007792dc": "fagosomal",
    "572957ad1d046914007792dd": "es",
    "5729582b1d046914007792e3": "gaireb\u00e9 el mateix que cloroplast",
    "5729582b1d046914007792e4": "tres",
    "5729582b1d046914007792e5": "llinatge de cloroplast d\u2019alga vermella",
    "5729582b1d046914007792e6": "gaireb\u00e9 el mateix que cloroplast",
    "5729582b1d046914007792e7": "el llinatge de cloroplast verd",
    "572968cf1d046914007793cb": "ctADN o cpADN",
    "572968cf1d046914007793cc": "plastoma",
    "572968cf1d046914007793cd": "1986",
    "572968cf1d046914007793ce": "1986",
    "572968cf1d046914007793cf": "dos equips d'investigaci\u00f3 japonesos",
    "57296b151d046914007793f1": "La transfer\u00e8ncia de gens endosimbi\u00f2tics",
    "57296b151d046914007793f2": "de l\u2019exist\u00e8ncia del cloroplast perdut",
    "57296b151d046914007793f3": "derivat d\u2019algues vermelles",
    "57296b151d046914007793f4": "derivat d\u2019algues vermelles",
    "57296d1b1d0469140077940d": "El fet que els cloroplasts tinguin una doble membrana que els envolta",
    "57296d1b1d0469140077940e": "\u00e9s el producte de la membrana de la c\u00e8l\u00b7lula de l\u2019hoste",
    "57296d1b1d0469140077940f": "hom\u00f2logues",
    "57296d571d04691400779413": "1 i 5",
    "57296d571d04691400779414": "nombre compost",
    "57296d571d04691400779415": "El teorema fonamental de l'aritm\u00e8tica",
    "57296d571d04691400779416": "de primers",
    "57296d571d04691400779417": "perqu\u00e8 es poden incloure arbitr\u00e0riament moltes inst\u00e0ncies d\u20191 en qualsevol factoritzaci\u00f3",
    "57296f293f37b319004783a3": "primeritat",
    "57296f293f37b319004783a4": "com a factoritzaci\u00f3 per prova de divisions",
    "57296f293f37b319004783a5": "el test de primeritat de Miller\u2013Rabin",
    "57296f293f37b319004783a6": "el test de primeritat de Miller\u2013Rabin",
    "57296f293f37b319004783a7": "22.338.618",
    "572991943f37b319004784a1": "La conjectura de Polignac",
    "572991943f37b319004784a2": "parells de primers amb difer\u00e8ncia 2",
    "572991943f37b319004784a3": "La conjectura de Polignac",
    "572991943f37b319004784a4": "n2 + 1",
    "572991943f37b319004784a5": "La conjectura de Brocard",
    "57299a6f6aef051400155016": "un segon significat addicional",
    "57299a6f6aef051400155017": "el camp de nombres primers",
    "57299a6f6aef051400155019": "com una suma connectada de nusos primers",
    "57299a6f6aef05140015501a": "que qualsevol objecte es pot descompondre, essencialment de manera \u00fanica, en els seus components primers",
    "57299a6f6aef051400155018": "no es pot escriure com la suma de nusos de dos nusos no trivials",
    "5729a26d6aef05140015505a": "es fa m\u00e9s petita",
    "5729a26d6aef05140015505b": "als camps completats",
    "5729a26d6aef05140015505c": "respecte al valor absolut es produeix el camp dels nombres reals, completant respecte a la norma p-adic | - |p",
    "5729a26d6aef05140015505d": "local-global",
    "572f6a0ba23a5019007fc5eb": "el Rin Mitj\u00e0",
    "572f6a0ba23a5019007fc5ec": "for\u00e7a profund",
    "572f6a0ba23a5019007fc5ed": "per erosi\u00f3",
    "572f6a0ba23a5019007fc5ee": "el Rin rom\u00e0ntic",
    "572ff12e04bcaa1900d76eff": "el Rin Mitj\u00e0",
    "572ff12e04bcaa1900d76f00": "l'Alta vall del Rin",
    "572ff12e04bcaa1900d76f02": "pels seus nombrosos castells i vinyes",
    "572ff12e04bcaa1900d76f03": "el Rin rom\u00e0ntic",
    "572ff673b2c2fd1400568669": "Rin-Mosa",
    "572ff673b2c2fd140056866a": "a prop de Millingen aan de Rijn",
    "572ff673b2c2fd140056866b": "delta del Rin",
    "572ffd75b2c2fd14005686e5": "des de fa ~74.000",
    "572ffd75b2c2fd14005686e6": "des de fa ~74.000",
    "572ffd75b2c2fd14005686e7": "cap a l'oest",
    "572ffd75b2c2fd14005686e8": "120 m",
    "572ffd75b2c2fd14005686e9": "terres de sec\u00e0",
    "572fffb404bcaa1900d76fef": "des de fa 22.000 anys",
    "572fffb404bcaa1900d76ff0": "descongelar-se",
    "572fffb404bcaa1900d76ff1": "al Rin i la seva extensi\u00f3 riu avall",
    "572fffb404bcaa1900d76ff2": "al voltant de fa 13.000 BP",
    "572fffb404bcaa1900d76ff3": "Cap al 9.000 BP",
    "57300a9a04bcaa1900d77063": "Al final de la Primera Guerra Mundial",
    "57300a9a04bcaa1900d77064": "1930",
    "57300a9a04bcaa1900d77065": "l'ex\u00e8rcit alemany",
    "57300a9a04bcaa1900d77066": "en l'ascens d'Adolf Hitler al poder",
    "57300a9a04bcaa1900d77067": "1936",
    "572fadcbb2c2fd1400568329": "Edimburg",
    "572fadcbb2c2fd140056832a": "almenys el 40 %",
    "572fadcbb2c2fd140056832c": "51,6 %",
    "572fadcbb2c2fd140056832b": "va fracassar",
    "572fadcbb2c2fd140056832d": "32,9 %",
    "572fc6f204bcaa1900d76cf5": "en comissi\u00f3",
    "572fc6f204bcaa1900d76cf6": "m\u00e9s fort",
    "572fc6f204bcaa1900d76cf7": "que no hi hagi cap cambra de revisi\u00f3",
    "572fc6f204bcaa1900d76cf8": "dur a terme investigacions i analitzar la legislaci\u00f3",
    "572fc6f204bcaa1900d76cf9": "en altres llocs d\u2019Esc\u00f2cia",
    "572fc8a904bcaa1900d76d1f": "un altre tipus de comissi\u00f3",
    "572fc8a904bcaa1900d76d20": "projectes de desenvolupament a gran escala",
    "572fc8a904bcaa1900d76d21": "es crea un altre tipus de comissi\u00f3",
    "572fc8a904bcaa1900d76d22": "q\u00fcestions",
    "572fcc43b2c2fd140056847d": "reservats",
    "572fcc43b2c2fd140056847e": "El Parlament escoc\u00e8s",
    "572fcc43b2c2fd140056847f": "Westminster",
    "572fcc43b2c2fd1400568480": "Westminster",
    "572fdb17b2c2fd140056851d": "una s\u00e8rie de qualificacions",
    "572fdb17b2c2fd140056851e": "1981",
    "572fdb17b2c2fd140056851f": "m\u00e9s de 18 anys",
    "572fdb17b2c2fd1400568520": "Els membres de la policia i les forces armades",
    "572fdb17b2c2fd1400568521": "Llei de salut mental (atenci\u00f3 i tractament) (Esc\u00f2cia) del 2003",
    "572ff932a23a5019007fcbd5": "pol\u00edtic",
    "572ff932a23a5019007fcbd6": "l\u2019islam",
    "572ff932a23a5019007fcbd7": "els seus partidaris",
    "572ff932a23a5019007fcbd8": "als r\u00e8gims isl\u00e0mics il\u00b7liberals",
    "572ff932a23a5019007fcbd9": "la religi\u00f3 de la pol\u00edtica",
    "572ffe6fb2c2fd14005686ef": "islamistes",
    "572ffe6fb2c2fd14005686f2": "incompetents, ineficients o negligents",
    "572ffe6fb2c2fd14005686f0": "en habitatge",
    "572ffe6fb2c2fd14005686f3": "a la ret\u00f2rica",
    "572ffe6fb2c2fd14005686f1": "per",
    "572ffee1947a6a140053cf14": "dret i filosofia",
    "572ffee1947a6a140053cf15": "Lliga Musulmana de l\u2019\u00cdndia",
    "572ffee1947a6a140053cf17": "amb el principal Congr\u00e9s Nacional Indi nacionalista i secularista de l\u2019\u00cdndia",
    "572ffee1947a6a140053cf16": "1908",
    "572ffee1947a6a140053cf18": "La reconstrucci\u00f3 del pensament religi\u00f3s a l\u2019islam",
    "57302700a23a5019007fce89": "islamista",
    "57302700a23a5019007fce8a": "Hassan al-Turabi",
    "57302700a23a5019007fce8b": "Front Isl\u00e0mic Nacional",
    "57302700a23a5019007fce8c": "amb diners de sistemes bancaris islamistes estrangers",
    "57302700a23a5019007fce8d": "a la universitat i l'acad\u00e8mia militar",
    "57302bd0b2c2fd14005689db": "militant extremista gihadista",
    "57302bd0b2c2fd14005689dc": "\u00e0rabs sunnites de l'Iraq i S\u00edria",
    "57302bd0b2c2fd14005689de": "deu milions",
    "57302bd0b2c2fd14005689df": "no t\u00e9 reconeixement internacional",
    "57302bd0b2c2fd14005689dd": "califat",
    "573088da069b53140083216b": "Alemanya",
    "573088da069b53140083216c": "de la Gran Bretanya",
    "573088da069b53140083216d": "pol\u00edtics",
    "573088da069b53140083216e": "l'expandiment era necessari per a la superviv\u00e8ncia d'un estat",
    "573088da069b53140083216f": "van poder donar finan\u00e7ament als viatgers que tornaven amb hist\u00f2ries dels seus descobriments",
    "57308f6b8ab72b1400f9c580": "una geografia imaginativa de l'Orient",
    "57308f6b8ab72b1400f9c581": "les obres textuals i visuals dels primers estudis",
    "57308f6b8ab72b1400f9c582": "negativa d\u2019ell mateix, com a inferior",
    "57308f6b8ab72b1400f9c583": "l'imperialisme occidental primitiu",
    "57308f6b8ab72b1400f9c584": "negativa",
    "573093598ab72b1400f9c5ae": "quan la influ\u00e8ncia d\u2019un pa\u00eds es fa sentir en els cercles socials i culturals",
    "573093598ab72b1400f9c5af": "quan la influ\u00e8ncia d\u2019un pa\u00eds es fa sentir en els cercles socials i culturals, \u00e9s a dir, el seu poder transversal",
    "573093598ab72b1400f9c5b0": "la telenovel\u00b7la Dallas",
    "573093598ab72b1400f9c5b1": "rom\u00e0",
    "573093598ab72b1400f9c5b2": "amb prohibicions de la cultura popular estrangera, el control d\u2019Internet i les antenes parab\u00f2liques no autoritzades, etc",
    "57309ef18ab72b1400f9c600": "historiadors i te\u00f2rics pol\u00edtics",
    "57309ef18ab72b1400f9c602": "a partir de la d\u00e8cada dels anys 50",
    "57309ef18ab72b1400f9c601": "abans de la Primera Guerra Mundial",
    "57309ef18ab72b1400f9c603": "eliminant-ne els fonaments econ\u00f2mics",
    "57309ef18ab72b1400f9c604": "eliminant-ne els fonaments econ\u00f2mics",
    "5730a4d02461fd1900a9cf29": "1830",
    "5730a4d02461fd1900a9cf2a": "despr\u00e9s del 1850",
    "5730a4d02461fd1900a9cf2d": "el catolicisme",
    "5730a4d02461fd1900a9cf2b": "al nord i l\u2019oest d'\u00c0frica",
    "5730a4d02461fd1900a9cf2c": "quan Alemanya va comen\u00e7ar a construir el seu propi imperi colonial",
    "57309921396df919000961f6": "a mitjan segle XVIII",
    "57309921396df919000961f7": "dins de l\u2019Esgl\u00e9sia d\u2019Anglaterra",
    "57309921396df919000961f8": "van iniciar societats individuals o classes per a membres de l\u2019Esgl\u00e9sia d\u2019Anglaterra",
    "5730b2312461fd1900a9cfad": "Grup de treball de metodistes units sobre l\u2019avortament i la sexualitat",
    "5730b2312461fd1900a9cfae": "2012",
    "5730b2312461fd1900a9cfaf": "Paul T. Stallsworth",
    "5730b2ac2461fd1900a9cfb3": "Moviment per a la tempran\u00e7a",
    "5730b2ac2461fd1900a9cfb6": "el 2011 i el 2012",
    "5730b2ac2461fd1900a9cfb4": "L\u2019\u00fas dels diners",
    "5730b2ac2461fd1900a9cfb5": "suc de ra\u00efm sense fermentar",
    "5730b9852461fd1900a9cff9": "al reclutament",
    "5730b9852461fd1900a9cffa": "ni la via d'acci\u00f3 militar ni la via d'inacci\u00f3 no s\u00f3n sempre justes davant D\u00e9u",
    "5730b9852461fd1900a9cffb": "servir a les forces armades o acceptar un servei alternatiu",
    "5730d26fb54a4f140068cc94": "John Wesley",
    "5730d26fb54a4f140068cc95": "com a pastors",
    "5730d26fb54a4f140068cc96": "de la seva Confer\u00e8ncia Anual de l'Ordre dels Ancians",
    "5730d26fb54a4f140068cc97": "de la seva Confer\u00e8ncia Anual de l'Ordre dels Ancians",
    "5733d4c8d058e614000b6353": "Europa",
    "5733d4c8d058e614000b6354": "sis anys",
    "5733d4c8d058e614000b6355": "1760",
    "5733d4c8d058e614000b6356": "la batalla de Jumonville Glen",
    "5733d68ed058e614000b637f": "1,5 milions d\u2019habitants",
    "5733d68ed058e614000b6380": "al llarg de la costa oriental del continent",
    "5733d68ed058e614000b6381": "al llarg de la costa oriental del continent",
    "5733f1784776f41900661575": "forces franceses addicionals a les ordres de Claude-Pierre P\u00e9caudy de Contrec\u0153ur",
    "5733f1784776f41900661576": "els primers mesos del 1754",
    "5733f1784776f41900661577": "Fort Duquesne",
    "5733f309d058e614000b6648": "va sorprendre els canadencs",
    "5733f309d058e614000b6649": "molts canadencs",
    "5733f309d058e614000b664a": "per obtenir el suport dels brit\u00e0nics i recuperar l'autoritat sobre el seu propi poble",
    "5733fb7bd058e614000b66ff": "James Abercrombie",
    "5733fb7bd058e614000b6700": "Louis-Joseph de Montcalm",
    "5733fb7bd058e614000b6701": "18 de maig del 1756",
    "57373d0cc3c5551400e51e85": "Arist\u00f2til",
    "57373d0cc3c5551400e51e86": "de la cosmologia aristot\u00e8lica",
    "57373d0cc3c5551400e51e87": "quatre",
    "57373d0cc3c5551400e51e88": "a terra",
    "57373d0cc3c5551400e51e89": "antinatural o for\u00e7at",
    "5737821cc3c5551400e51f19": "Isaac Newton",
    "5737821cc3c5551400e51f1a": "XX",
    "5737821cc3c5551400e51f1b": "d\u2019unificaci\u00f3 autoconsistent que combinin les quatre interaccions fonamentals",
    "5737821cc3c5551400e51f1c": "est\u00e0ndard de f\u00edsica de part\u00edcules",
    "57378b141c4567190057449f": "la relativitat general",
    "57378b141c456719005744a0": "el cam\u00ed recte",
    "57378b141c456719005744a1": "for\u00e7a gravitat\u00f2ria",
    "57378b141c456719005744a2": "global",
    "57378c9b1c456719005744a8": "corrent el\u00e8ctric",
    "57378c9b1c456719005744a9": "una for\u00e7a electromagn\u00e8tica unificada",
    "57378c9b1c456719005744a7": "llei de Lorentz",
    "57378c9b1c456719005744aa": "de la for\u00e7a electrost\u00e0tica (degut al camp el\u00e8ctric) i la for\u00e7a magn\u00e8tica (degut al camp magn\u00e8tic).",
    "5737a25ac3c5551400e51f51": "les tensions de tracci\u00f3 i les compressions",
    "5737a25ac3c5551400e51f52": "el tensor tensi\u00f3",
    "5737a25ac3c5551400e51f53": "termes de pressi\u00f3",
    "5737a25ac3c5551400e51f54": "associats a forces que actuen amb normalitat en l'\u00e0rea de la secci\u00f3 transversal"
}
